id|name|address|city|zip|state|country|email|phone|hireDate|department
1|Sam J Rehbein|952 Bond Ct|Phoenix|85010|AZ|USA|rehbeinsam@example.org|520.894.1258|20120402|IT
2|Latesha Filla|2262 Fairway Ln|Bemus Point|14712|NY|USA|lateshafilla@example.org|9395900173|20170729|Consulting
3|Nydia Z Baynum|1467 Lomita Dr|Naalehu|96772|HI|USA|nydia.baynum@example.co.uk|808-906-0985|20150913|Sales
4|Ling N Pinder|906 Golden Triangle Rd|Brookline|3033|NH|USA|pinderling@example.co.uk|603-374-1795|20100912|HR
5|Era A Souriyavong|1788 Twin Oaks Pl|Jackson|39210|MS|USA|eraasouriyavong@example.org|914-013-4045|20120430|Consulting
6|Abbey Hvizdak|2426 Calle Lumina|Billerica|1822|MA|USA|abbeyhvizdak@example.com|+14434991522,508-907-4868|20160606|Sales
7|Lindsay Caporali|491 Sanford Wy|Chuckey|37641|TN|USA|lindsay_caporali@example.org|8657727697,5399163416|20151004|Legal
8|Arline K Ehrgott|516 Narcissus Crest Av|Nescopeck|18635|PA|USA|arline.ehrgott@example.co.uk|4435128321|20161021|Support
9|Kathey Myhre|122 Clarence Ct|Richmond|23282|VA|USA|katheymyhre@example.org|443-432-7224,718.962.7747|20200120|Support
10|Rosanne S Halfman|808 Carmelita Dr|Streetman|75859|TX|USA|rosannehalfman@example.co.uk|802.733.1600,469-489-6781|20140206|IT
11|Arica M Vigueria|1559 Highfalls St|Cloverdale|46120|IN|USA|arica.vigueria@example.gov|4635833265,3080779653|20190512|Support
12|Dorla S Lanpher|277 Edison Rd|Boise|83725|ID|USA|lanpher.dorla@example.co.uk|802-778-8599|20101011|IT
13|Josef E Gatte|1348 Cobblestone Ct|Pflugerville|78691|TX|USA|josef-gatte@example.org|956.248.6411|20120201|Legal
14|Anjelica G Hint|793 Keats Ln|Pacific Palisades|90272|CA|USA|hintanjelica@example.com|714.157.7041|20180221|Consulting
15|Charity W Nellums|588 Shasta Ct|Mango|33550|FL|USA|charity_nellums@example.co.uk|+1.786.075.2590|20190325|Support
16|Denisha I Lagerquist|1111 Keats Ln|Drumore|17518|PA|USA|lagerquist-denisha@example.co.uk|7248715106,724-635-1657|20170715|Marketing
17|Zelda W Dues|18 Loop Av|Urbana|65767|MO|USA|dues_zelda85@example.co.uk|417-446-0693|20131122|HR
18|Hilaria B Vinall|984 Paseo Terraza|Crocker|65452|MO|USA|vinall-hilaria@example.co.uk|2089170883|20200211|Finance
19|Mirna X Schanne|635 Nield Ct|Ragley|70657|LA|USA|mirna_schanne@example.org|225-599-9081|20180210|Marketing
20|Christa Wandrie|1071 Via Beguine|Bruceton|38317|TN|USA|christa_wandrie@example.com|6150197013,641-862-3960|20190909|Consulting
21|Lesa Distelrath|1819 Row Ct|Bethlehem|47104|IN|USA|uehwmvorle@example.com|4042586824|20170125|Legal
22|Jayson T Baldy|1762 Mira Vista St|Hershey|69143|NE|USA|jaysontbaldy@example.co.uk|531.277.3262,307.812.9641,308.770.5156|20190702|Legal
23|Scotty B Vandemark|1143 The Old Road|Sumner|64681|MO|USA|scotty.vandemark@example.co.uk|435.104.1248,660-815-9343|20190709|Support
24|Gema F Veno|1308 Agajanian Dr|Brooklyn|11221|NY|USA|gemafveno@example.co.uk|7020121800,934.954.0478,203-378-3572|20131015|Sales
25|Corina I Emlaw|1095 Darter Dr|Cresson|76035|TX|USA|corinaiemlaw@example.com|8081266895,806-897-7224|20160723|Finance
26|Martina U Stofleth|1474 Charlie Ct|Gridley|66852|KS|USA|martina_stofleth@example.com|913.468.7841,6200150932,785.362.6571|20110527|Finance
27|Phyliss Y Gumkowski|898 Peacock Pl|Westboro|64498|MO|USA|gumkowski-phyliss@example.org|662-557-1611|20100509|Sales
28|Asia L Nisula|104 Goldstream Wy|Cecilia|42724|KY|USA|asialnisula@example.com|401.727.9896,5755670598|20131012|Legal
29|Tatiana R Hulmes|2005 Macklin Av|Ray|58849|ND|USA|tatianarhulmes@example.gov|262.258.3885|20110510|HR
30|Minh E Mayhue|328 Gita Wy|Clarksville|23927|VA|USA|minh.mayhue@example.gov|2767709161|20130329|Finance
31|Latasha K Meston|677 Via Jardin|Houston|77018|TX|USA|meston_latasha@example.co.uk|701-773-1719|20191028|Finance
32|Maurine L Lingard|1715 Ruby Clearwater Fire Rd|Rutherford|38369|TN|USA|lingardmaurine@example.com|615.608.4245|20160114|Consulting
33|Chantay B Magnelli|924 Bonita|Rowan|50470|IA|USA|magnellichantay@example.com|4344631021|20110706|Finance
34|Jackqueline I Bowry|670 Farmington Ln|Gretna|68028|NE|USA|jackqueline-bowry@example.co.uk|308.657.6826|20160920|IT
35|Reynalda Q Shepherdson|663 Poppy Meadow St|North Bend|17760|PA|USA|shepherdsonreynalda@example.gov|570-912-9547|20150923|HR
36|Yen E Bordelon|5 Masterson Ct|Dublin|3444|NH|USA|bordelon-yen@example.org|603-951-2387,603-114-6633|20151202|Support
37|Janice Trueb|40 Golden Rain Ln|Cleveland|44108|OH|USA|janicetrueb@example.co.uk|5131249462|20160305|HR
38|Brant O Grappe|1033 Radbrook Pl|Ferrisburg|5456|VT|USA|brant.grappe@example.gov|802-092-3392|20160605|Legal
39|Bonita B Pulvirenti|430 Heather Ln|Los Angeles|90007|CA|USA|pulvirenti_bonita@example.co.uk|208-516-0379|20141002|IT
40|Angelyn T Mondt|300 Las Palmas St|Saint Francis|40062|KY|USA|angelyn_mondt97@example.gov|2081830719|20130113|Support
41|Bradford O Hantman|74 Esperanza Ln|Philipsburg|59858|MT|USA|bradfordohantman@example.gov|4067228648|20120830|Legal
42|Gabriel G Ohman|2999 Alfreds Wy|Ore City|75683|TX|USA|ohman-gabriel@example.co.uk|206.409.3167,430.821.5354|20140705|Legal
43|Cira O Zanabria|427 Arch St|Yarmouth|4096|ME|USA|ciraozanabria@example.co.uk|2078507685|20160131|Support
44|Virgil M Gautreau|191 Acacia Ct|Garciasville|78547|TX|USA|gautreau-virgil@example.co.uk|4096966585|20100530|Consulting
45|Kandy O Gauci|650 Cherry Ct|Teasdale|84773|UT|USA|gauci.kandy@example.org|+1.801.634.0303|20150125|Consulting
46|Gene L Imperiale|1362 Parkglen Pl|Pennsboro|26415|WV|USA|gene-imperiale@example.gov|856.620.0884|20170404|Consulting
47|Xochitl Wernke|86 Hathaway Dr|Pingree|58476|ND|USA|xochitlwernke@example.com|208.920.5739|20141227|Support
48|Sharlene Scully|2235 Sorrel Ct|Fort Benning|31905|GA|USA|sharlene_scully@example.org|475-020-2287,725.496.2099|20161022|Consulting
49|Claud A Asing|2246 Refinery Rd|Fishers|14453|NY|USA|claudaasing@example.com|718.045.0900|20150828|Support
50|Nelda G Yanity|1257 Benito Ct|Bearsville|12409|NY|USA|neldagyanity@example.org|934-196-2842|20120715|HR
51|Merissa A Heinemeyer|519 Railroad Av|Kinross|49752|MI|USA|merissa-heinemeyer@example.org|308.959.7287,231.658.3507|20200101|Consulting
52|Robby Sheiman|15 Buckskin Dr|Los Angeles|90045|CA|USA|robbysheiman@example.org|747-441-8707|20150522|Support
53|Ronnie Q Masukawa|232 6th St|Pear Valley|76867|TX|USA|ronnie_masukawa@example.org|3850691512|20180928|Marketing
54|Rob Y Eitzen|2143 Wren Dr|College City|95931|CA|USA|robyeitzen@example.co.uk|606.343.0233,9252064975,9167784181|20101225|Support
55|Jestine Y Wegehaupt|993 Fall Cyn Truck Trl|Saint Paul|55120|MN|USA|wegehaupt-jestine@example.gov|5099997689|20120524|Finance
56|Thaddeus R Carera|167 Sag Harbor Ct|Bowling Green|63334|MO|USA|carera.thaddeus@example.org|6368941402|20180301|Finance
57|Jacquelyn P Heitzinger|698 Vista Del Canon|Red Lodge|59068|MT|USA|heitzinger.jacquelyn@example.co.uk|4066763018|20170923|IT
58|Chasity I Arturo|1688 Skyline Ct|Dutton|35744|AL|USA|chasity_arturo@example.com|256.714.1892,205.751.2535|20171017|Legal
59|Obdulia T Portuese|501 Texas Rd|Humble|77346|TX|USA|obduliatportuese@example.org|605.818.6725|20160528|Marketing
60|Shaun E Nehus|34 Violetlane Wy|Goleta|93116|CA|USA|shaunenehus@example.com|757.629.6354,909-779-8840|20140717|HR
61|Josef Mesker|1365 Larkmain Dr|Oklahoma City|73102|OK|USA|josefmesker@example.org|405-230-8858|20140129|Finance
62|Dayle Mondejar|867 Oakdale Cyn Ln|Belfair|98528|WA|USA|dayle_mondejar@example.org|+1-509-073-2606,8705198655|20200111|Finance
63|Delsie Buday|833 Festividad Dr|Stebbins|99671|AK|USA|buday_delsie@example.co.uk|907.244.8049,907.817.8443|20191109|IT
64|Julee K Jaycox|946 Odl Creek Wy|Springdale|72765|AR|USA|jaycox-julee@example.co.uk|5183812079|20180608|Sales
65|Hugh L Tiong|480 Morning Mist Dr|Portland|97205|OR|USA|hughltiong@example.com|541-574-0356|20110329|Sales
66|Thea Dunetz|435 Circle J Ranch Rd|Old Glory|79540|TX|USA|thea-dunetz@example.org|802-417-3657|20111017|Consulting
67|Johnny Marth|55 Lakeview Wy|Stamford|12167|NY|USA|johnnymarth@example.gov|934.893.0993|20180923|Marketing
68|Ruby K Phillipi|233 Luss Dr|Lakeland|33813|FL|USA|nxlxcw80@example.gov|863.454.5054|20160513|Marketing
69|Vella J Cichosz|1331 Rosamond Dr|Pullman|49450|MI|USA|vellajcichosz@example.com|231-745-9431|20170316|HR
70|Geraldo F Hasenfuss|732 Springvale Ln|Lake Huntington|12752|NY|USA|geraldohasenfuss@example.gov|585.184.3833|20160220|HR
71|Guillermo D Presgrove|1493 Biago Ct|Kansas City|66117|KS|USA|guillermodpresgrove@example.gov|620-058-2867,970.058.8374,907-664-1365|20130106|HR
72|Yasuko A Grassa|239 Euclid Av|Billerica|1821|MA|USA|grassa.yasuko@example.co.uk|+16178189884|20180205|Consulting
73|Florencia C Hervey|645 Featherstar Av|Buena|98921|WA|USA|hervey.florencia@example.co.uk|260-898-9547|20170901|Sales
74|Mathilde P Willsey|104 Riverside Ln|Sun City|85372|AZ|USA|mathilde.willsey@example.org|928-969-6706,605-821-3719,4250357500|20140525|Marketing
75|Natalya D Sparaco|527 Clover Ct|Middle Point|45863|OH|USA|natalyadsparaco@example.com|380.372.8075|20120109|Support
76|Keshia B Rennier|24 Oak Av|Lawrence|1840|MA|USA|keshia-rennier@example.co.uk|774-715-8882|20190705|IT
77|Chelsey M Jakubowicz|824 Locust Ridge Cr|Glenwood|14069|NY|USA|chelsey.jakubowicz@example.org|757.379.2117|20111221|IT
78|Manuel Palte|773 Skyridge Dr|Westville|29175|SC|USA|palte-manuel@example.gov|+18435109799|20110717|HR
79|Vonnie L Bernt|318 Silhouette Wy|Williamstown|26187|WV|USA|vonnie-bernt@example.com|681.555.9375|20110918|Marketing
80|Raylene G Teusch|244 Camino Arena|Cooperstown|13326|NY|USA|raylenegteusch@example.gov|516.691.4886|20120105|IT
81|Hollis R Tamashiro|984 Castaic Cyn Rd|South Wales|14139|NY|USA|tamashirohollis@example.com|6807681051|20150904|Legal
82|Sherie Y Renschler|992 Via Alisa|Summersville|26651|WV|USA|sherieyrenschler@example.co.uk|802-330-1005|20180327|Consulting
83|Rhona Addiego|1858 Holmes Pl|Unionville|44088|OH|USA|addiegorhona@example.org|5394794985|20150618|IT
84|Elana E Szachta|337 Sugar Pine Wy|Saint Petersburg|33711|FL|USA|elana.szachta@example.com|850.721.3969,414-268-3544|20141007|Marketing
85|Jerrie Flicek|1268 White Pine Pl|Westerville|68881|NE|USA|jerrieflicek@example.org|402.903.4857|20100406|IT
86|Blanca M Piazzola|180 Monterey Pines Ln|South Lebanon|45065|OH|USA|blancampiazzola@example.com|2295566440,603.181.3720|20121120|IT
87|Lilia Escalon|1297 Hardy Pl|Massies Mill|22954|VA|USA|escalon_lilia@example.com|540.294.3990|20101019|Marketing
88|Halina J Levari|1297 Emerald Dove Dr|Winslow|47598|IN|USA|levarihalina@example.gov|6606520745|20101018|Sales
89|Young R Cassatt|1003 Kevin Wy|Charlotte|28250|NC|USA|youngrcassatt@example.gov|443.070.3566,769-427-9199,743-250-5367|20120808|Finance
90|Torrie J Geltz|1093 Hopkins Pl|North Middletown|40357|KY|USA|torriejgeltz@example.org|671-162-5171|20110822|HR
91|Corinna Giansante|416 Terri Dr|Parlin|8859|NJ|USA|corinna_giansante@example.gov|6292399647|20190705|Finance
92|Shirl A Kiyabu|1100 Riverrock Wy|Nashville|37211|TN|USA|shirl_kiyabu@example.com|763.890.3105|20110930|Support
93|Athena U Mckin|2135 Horseshoe Cr|Brockway|15824|PA|USA|mckin_athena@example.co.uk|8789101964|20110602|Consulting
94|Alfreda K Suchy|726 Bodie Pl|Allegany|97407|OR|USA|suchy.alfreda@example.org|423-785-2607|20131028|Marketing
95|Dorine I Aylsworth|71 Madrazo Ln|Emmet|71835|AR|USA|aylsworth.dorine@example.gov|435-261-9843|20140731|Marketing
96|Mavis R Haenlein|1530 Calypso Ln|Pearlington|39572|MS|USA|mavis_haenlein@example.co.uk|985.985.4807,208-513-3665,304.851.9008|20131127|Finance
97|Cathleen S Vogle|353 Goodvale Rd|Charlestown|2129|MA|USA|cathleenvogle@example.gov|617-340-3382|20100523|Consulting
98|Felice U Foxworth|1375 Cherry Ct|Towaco|7082|NJ|USA|foxworth_felice@example.com|425.724.2790|20160925|Marketing
99|Santiago Idrizi|178 Coleridge Pl|Campus|60920|IL|USA|santiagoidrizi@example.com|+1-630-207-1470,907-571-4469,615-883-2986|20190910|Sales
100|Howard D Keala|219 Snowy Owl Ct|New Stanton|15672|PA|USA|howardkeala@example.co.uk|272.330.6654|20190625|Consulting
101|Elinore Gaeddert|1197 Caladium Pl|Salt Lake City|84151|UT|USA|elinore-gaeddert@example.gov|302-104-8726|20101119|Finance
102|Karima Eskandar|949 Darla Ct|Holland|49422|MI|USA|eskandar.karima@example.com|315-076-9624|20131211|Consulting
103|Danille O Kious|663 La Veda Av|Schuyler Lake|13457|NY|USA|danille.kious@example.org|646-403-4697|20101222|Legal
104|Dorothy O Zappia|674 Larbert St|Akron|44319|OH|USA|dorothyozappia@example.gov|440.244.2089|20110321|Support
105|Shanell C Remmick|396 Gimlet Dr|Nashville|37222|TN|USA|shanellcremmick@example.gov|901-735-3249|20100529|Sales
106|Sabine J Geronimo|752 Lincoln Av|Board Camp|71932|AR|USA|sabinejgeronimo@example.co.uk|202-342-3735,501-837-8616|20120713|Marketing
107|Benito Sadaka|1541 Frisca Dr|Mc Veytown|17051|PA|USA|benitosadaka@example.gov|302-408-9646|20171208|Finance
108|Magen Ramondetta|455 Cypress Pl|Warrenton|20186|VA|USA|ramondetta-magen@example.gov|703-913-1740|20180326|HR
109|Aurora Z Wadler|957 Sorrento Ct|Cut Off|70345|LA|USA|aurora.wadler@example.org|985.663.5378|20141009|IT
110|Venice Coloma|292 Whitefield Pl|Fly Creek|13337|NY|USA|venicecoloma@example.org|516.722.1227|20140517|HR
111|Sindy B Hyten|414 Manor Cr|Huntington|25772|WV|USA|sindy.hyten@example.org|704-052-6221,216.513.5032,954-325-2148|20131228|Marketing
112|Rick Q Okay|458 Dusty Willow Ct|Cashmere|98815|WA|USA|rickqokay@example.com|2062511429,+1.425.320.9011|20130119|Support
113|Lezlie T Mariona|1345 Carnation Ct|Hampton Bays|11946|NY|USA|lezlietmariona94@example.com|316.101.3995|20121031|Marketing
114|Sina X Mance|71 Barbacoa Dr|Carrollton|35447|AL|USA|mance_sina@example.co.uk|684-589-9809,2519944821,7025581322|20190111|IT
115|Andree F Burchart|1165 Felbridge St|Wichita|67217|KS|USA|burchartandree@example.com|775.432.0535|20190111|Consulting
116|Albertine C Shewbridge|896 Palo Solo Motor Wy|Torrance|90510|CA|USA|albertine.shewbridge@example.org||20110601|Legal
117|Sally G Reindollar|713 Diver St|Wishon|93669|CA|USA|sallyreindollar@example.gov|684-253-1260|20100624|Support
118|Quincy Renneberg|54 Oak Dr|Portage|46368|IN|USA|renneberg-quincy@example.gov|8129924487|20160409|Consulting
119|Luanne W Gusta|1006 Sugar Bliss Pl|North Newton|67117|KS|USA|gustaluanne@example.com||20110827|Marketing
120|Ha N Rabanal|1658 Sarvistree Ct|New York|10158|NY|USA|harabanal@example.org|716-786-2250|20130111|Legal
121|Galina T Imparato|31 Ada St|Fordville|58231|ND|USA|galinatimparato@example.org|701-810-2973,5313546110|20180312|Marketing
122|Domonique Q Rajesh|191 Crown Ct Cr|West Lafayette|47996|IN|USA|domoniqueqrajesh@example.com|463.239.3640,719.478.6372,+1-605-957-9470|20140311|Sales
123|Maryanne A Alto|795 Hope Cyn Rd|New Auburn|55366|MN|USA|alto-maryanne@example.co.uk|320.954.4675|20150724|HR
124|Naomi F Winsett|621 Colorado Pl|Piedmont|43983|OH|USA|naomi-winsett@example.gov|3460648668|20190925|Legal
125|Aurelio Starlin|1100 Via Heraldo|Granite Falls|28630|NC|USA|starlin.aurelio@example.com||20160120|HR
126|Jacinta U Schomer|820 Plaza Gavilan|Vermilion|44089|OH|USA|jacintauschomer@example.gov|610-101-5466|20190425|Sales
127|Augustus P Torvik|735 Lynne Ct|Evansville|47706|IN|USA|torvik.augustus@example.gov|8121958901,3407646671|20140419|Legal
128|Magen D Sha|323 Theodore Ct|Arnolds Park|51331|IA|USA|sha.magen@example.org|670-397-0996,515.625.0124|20140325|Support
129|Alan Q Ouk|521 Gentian Ct|Fernley|89408|NV|USA|alan_ouk@example.org|404-956-3957|20140317|Marketing
130|Lavette R Ferrie|191 Scott Ln|Farmer City|61842|IL|USA|ferrie_lavette@example.org|402-843-9395,331.840.5634|20100811|HR
131|Elijah Ronyak|1508 Chinkapin St|Booneville|50038|IA|USA|ronyak-elijah@example.org|9070606311,505.894.8921|20191201|Support
132|Howard B Courchaine|463 Big Oak Ln|Mound City|62963|IL|USA|courchainehoward@example.org|8472488765|20140322|Support
133|Tiffaney X Posse|491 Whitman St|Noble|73068|OK|USA|tiffaneyxposse@example.org|5392188326|20130617|Legal
134|Tiffaney Weichel|27 Kelly Johnson Pkwy|Hondo|88336|NM|USA|tiffaney.weichel@example.org|505.935.1503|20101129|Legal
135|Dion Prush|1222 Grove Av|Mc Kee|40447|KY|USA|prush_dion@example.org|3608442300,364-498-1718|20151225|Marketing
136|Lloyd Z Saloka|1772 Mendenhall Truck Trl|Reed City|49677|MI|USA|salokalloyd@example.co.uk|949.555.1318|20180124|Sales
137|Kathy D Tudryn|1182 Agramonte Dr|Gracewood|30812|GA|USA|kathytudryn@example.gov|225-947-5595|20120811|Consulting
138|Clelia S Norberg|2384 Fitch Av|Middleport|45760|OH|USA|norbergclelia@example.gov|220.249.9421,541.307.7229|20140402|Consulting
139|Gwendolyn K Kendrick|149 Valley Oak Pl|Solomon|67480|KS|USA|gwendolynkkendrick@example.co.uk|620.088.4407|20170727|Finance
140|Dreama F Snoozy|589 Red Cedar Wy|Young America|55394|MN|USA|dreamafsnoozy@example.co.uk|507.438.3810|20160118|Sales
141|Fairy U Benion|667 Montecito Pl|North Bangor|12966|NY|USA|fairyubenion@example.org|5126297561,670-414-5308,260-069-9109|20170729|Consulting
142|Mathilde S Elom|506 Greenleaf Ct|Earleton|32631|FL|USA|mathildeselom@example.com|+1.302.360.4239|20181111|Sales
143|Louisa Q Lagorio|815 Wright Rd|Miami|33187|FL|USA|louisa_lagorio@example.com|617.974.1489|20170211|Support
144|Deidra P Chiqui|2730 Quigley Cyn Rd|Hyde Park|12538|NY|USA|chiqui_deidra@example.org|8016975349,2565682439,0015753459144|20150227|Sales
145|Darlena T Knutzen|1491 Stevenson Ranch Pkwy|Pippa Passes|41844|KY|USA|darlenatknutzen@example.com|6314804849|20111001|Finance
146|Marguerite P Cintolo|263 Galvez Ct|Oklahoma City|73122|OK|USA|margueritepcintolo@example.org|8023655674|20190723|Consulting
147|Nicky F Maclellan|864 Calle De La Paz|Houston|77203|TX|USA|maclellannicky@example.org|9794454105,9475435566|20130630|Support
148|Felica E Cuin|865 Benton Ct|Hamilton|27840|NC|USA|cuin.felica@example.gov|743.743.2493|20150310|Support
149|Fredda K Rockweiler|1185 Runner Rd|Lawrence|1843|MA|USA|freddakrockweiler@example.com|+1-843-861-8608|20140606|Marketing
150|Chi A Klopp|651 Rupert Ln|Elkhart|46514|IN|USA|klopp.chi@example.gov|9182100463|20140419|IT
151|John O Boucher|1088 Bridgeport Ln|Memphis|38122|TN|USA|boucher.john@example.com|6156408723,563.204.5481|20111230|Support
152|Ashlee T Dury|801 Heritage View Ln|Crayne|42033|KY|USA|ashleetdury@example.co.uk|254-121-9402|20131229|Consulting
153|Neoma P Eggert|1645 Nearbrook St|Marshfield|2050|MA|USA|eggert_neoma@example.co.uk|2282591684|20141017|Legal
154|Pamelia F Stawiarski|345 Monakea|Greenwich|12834|NY|USA|pamelia-stawiarski@example.com|3472560336|20140907|Legal
155|Deandra Clasby|1535 Willow Glen Ct|Providence|27315|NC|USA|clasbydeandra@example.com|684.101.8545|20191218|Marketing
156|Noel Henagan|32 Ironshire St|Julian|16844|PA|USA|henagan-noel@example.co.uk|+1-202-508-9408,2673734168|20100330|Consulting
157|Monroe W Eggers|681 Twin Oaks Pl|Santee|92072|CA|USA|monroe-eggers@example.com|240-466-4523,9257024813,6237577626|20100322|Sales
158|Deadra Burdin|128 Gate Rd|Mountainville|10953|NY|USA|deadraburdin@example.co.uk|315-769-1298|20170712|HR
159|Saundra P Demint|514 Kandi Ct|Sylmar|91342|CA|USA|saundra.demint@example.gov|574.344.2585|20180709|Sales
160|Palma Amonson|1093 Rye Cyn Rd|Glenmora|71433|LA|USA|ezjfbgr@example.org|985-710-6948|20100715|Legal
161|Brain A Niebuhr|1807 Pepper Pl|Brooklyn|11209|NY|USA|niebuhr.brain@example.gov|702.530.1091|20150822|HR
162|Vivian Q Slind|577 Littleton Wy|Nixa|65714|MO|USA|vivianqslind@example.gov|340-036-7671|20100802|Support
163|Maybelle Bourbina|1061 Aphrodite Ln|Nehawka|68413|NE|USA|maybellebourbina@example.org|334.544.0456|20131214|Marketing
164|Angelo R Stablein|989 East Rd|Washington|20009|DC|USA|angelorstablein@example.gov|2023862825|20120716|Marketing
165|Larhonda U Brockelsby|783 Nandina Ln|Barnesville|56514|MN|USA|larhondaubrockelsby@example.com|414-529-3121,2077083804|20120124|Sales
166|Calandra B Scopa|264 Rosehaven Ln|Morland|67650|KS|USA|calandra_scopa@example.co.uk|001-316-792-5518,7014645525|20160215|Marketing
167|Gladys C Favre|565 Oakwell Rd|Newport News|23606|VA|USA|favre.gladys@example.co.uk|580.321.8636|20120202|Finance
168|Lore F Benkendorf|218 Joyce Pl|Fly Creek|13337|NY|USA|lorefbenkendorf@example.gov|7192520053,302.161.6699,864-874-2525|20111216|Consulting
169|Delila Y Ayles|1470 Wesley Wy|Nacogdoches|75962|TX|USA|delilaayles@example.gov|617.395.5385|20130912|HR
170|William G Calway|786 Wagner Wy|Hookerton|28538|NC|USA|william.calway@example.com|443-768-8662|20190401|Legal
171|Ione C Haueisen|320 Cuervo Dr|Metaline Falls|99153|WA|USA|ionechaueisen@example.gov|3603848999|20121119|Legal
172|Daniel A Wellings|824 Russ Jay St|Plainfield|6374|CT|USA|daniel_wellings@example.gov|701-153-9298,5076966911|20151212|Consulting
173|Janett O Garibian|747 Keepsake Wy|Richmond|94802|CA|USA|janettogaribian@example.co.uk|3212710126,870.163.9857|20141112|Legal
174|Nguyet K Shene|612 Las Mananitas Dr|Castalia|52133|IA|USA|shene.nguyet@example.com|947-679-2866|20111203|Marketing
175|Marianna X Lairamore|305 Cherry Willow Dr|Arvada|80002|CO|USA|lairamore_marianna@example.com|202.922.9290|20180221|Legal
176|Cristal Wehrwein|70 Dagmar Wy|Burbank|74633|OK|USA|cristalwehrwein@example.org|405-386-6670,2172324925|20150903|Consulting
177|Gigi Scope|1078 Angelica Pl|West Liberty|41472|KY|USA|gigiscope@example.gov|907-787-3753,9701308734,708-605-7369|20160514|Finance
178|Starr J Krisko|552 Ricki Ct|Brownville|68321|NE|USA|krisko.starr@example.org|207-430-9426,6812486000,308.615.3086|20110916|Finance
179|Walker B Medrow|865 Bella Ct|Udall|65766|MO|USA|walkerbmedrow@example.com|765-075-8385|20190603|Marketing
180|Janie E Milbry|1571 Montana Wy|Las Vegas|89123|NV|USA|janieemilbry@example.gov|+1.715.781.1361,7256659102|20101104|Sales
181|Eleanore N Colom|1864 Slate Ct|Bar Harbor|4609|ME|USA|eleanore.colom@example.com|425.258.0662,814-248-1630|20140425|Support
182|Betsey E Waterous|1039 Stonington Ln|Philadelphia|19147|PA|USA|betsey-waterous@example.gov|2088664350,949.631.8821|20140518|Support
183|Jc N Stadtlander|2211 Begonias Ln|Sycamore|31790|GA|USA|stadtlander.jc@example.co.uk|770.486.6530|20160330|Support
184|Latisha K Reamey|168 Alesna Dr|Atlanta|30355|GA|USA|latisha_reamey@example.gov|229-271-3718,617-854-5679,706.943.8533|20130410|Finance
185|Mimi R Lambard|1221 Magnolia Glen Dr|Parshall|80468|CO|USA|mimi-lambard@example.com|720-098-5070,787.746.0623|20150901|IT
186|Eusebia Jiminian|886 Rustico Ct|House|88121|NM|USA|jiminian-eusebia@example.co.uk|575.821.2679|20100808|Legal
187|Svetlana W Ynostrosa|322 Bentley Wy|Bronx|10465|NY|USA|svetlana.ynostrosa@example.com|718-419-6131|20111228|Consulting
188|Carson U Mierendorf|179 Mariam Pl|Chaffee|14030|NY|USA|mierendorf-carson@example.gov|517-256-5105|20200114|Support
189|Alma H Gubin|1594 Lucille Ct|Montgomery|36101|AL|USA|gubin.alma@example.org|443.434.1463|20191008|HR
190|Delilah E Shimon|1078 Arbor Pl|Stafford|43786|OH|USA|shimon_delilah@example.com|419-250-6269|20191215|Finance
191|Ursula E Shiffman|256 Platt Ct|Wichita|67223|KS|USA|ursula-shiffman@example.com|671-286-4908|20120825|HR
192|Teresia Beckam|135 Espinoza Dr|Stephens City|22655|VA|USA|teresiabeckam@example.org|7035332354|20100124|Finance
193|Sue Y Cashon|1987 Cedar Ridge Pl|Government Camp|97028|OR|USA|sueycashon@example.gov|6677440949|20120611|Finance
194|Ebonie Y Schmierer|2124 Centre Pointe Pkwy|Kansas City|64116|MO|USA|schmiererebonie@example.co.uk|5348443951|20100412|Finance
195|Tori Julseth|1123 Oakspur Dr|Hillsdale|73743|OK|USA|tori_julseth@example.gov|385-285-9463|20120525|Marketing
196|Tonette P Chaban|1586 Via Chantilly|Whittier|90609|CA|USA|tonettepchaban@example.com|385.729.0503,4154705022|20120918|HR
197|Yolande Tacey|755 Lakehills Rd|Welling|74471|OK|USA|yolande_tacey@example.co.uk|5806514194|20141113|Finance
198|Liberty I Mer|594 Eden Ct|Helvetia|26224|WV|USA|mer.liberty@example.com|475-103-3315|20111221|Legal
199|Tambra X Perley|454 Cedar Cyn Ct|Hartford|6102|CT|USA|perley-tambra@example.com|202-198-2628|20121107|Marketing
200|Jayne X Riti|986 Ridge Rte Rd|Glady|26268|WV|USA|jaynexriti@example.org|731-982-4561,681.348.6695,432.578.6958|20190626|HR
201|Malcom Weeden|218 Icy Willow Ln|Freeland|21053|MD|USA|malcomweeden@example.com|301-123-1631|20140425|Finance
202|Renea G Lewter|325 London Pl|Otis Orchards|99027|WA|USA|reneaglewter@example.com|4354203811|20140413|Marketing
203|Thresa J Binau|61 Las Brisas Rd|Sardis|30456|GA|USA|binauthresa@example.co.uk|312-989-2658,478.715.0817|20130921|Finance
204|Twila J Bauta|24 Bonlee Av|Clayton|62324|IL|USA|bauta_twila@example.gov|309-230-1642|20140806|Finance
205|Jamika U Spies|567 Dandelion Ln|Cincinnati|45224|OH|USA|jamika_spies@example.com|380.141.0528,219-783-8856,434-969-1035|20120723|HR
206|Melinda G Altwies|283 Rio Bosque Dr|Scotts Mills|97375|OR|USA|altwies.melinda@example.co.uk|8020277113|20131123|Marketing
207|Otilia Klimes|941 Patricia Pl|Montvale|7645|NJ|USA|otiliaklimes@example.com|701-621-8422,732.942.7629|20131217|Consulting
208|Bernadette N Shiels|2156 Linda Ln|Fence Lake|87315|NM|USA|bernadettenshiels@example.co.uk|747-946-8278|20180531|Marketing
209|Kim P Dowden|786 Via Belterra|Montgomery City|63361|MO|USA|dowden.kim@example.co.uk|954-090-0817,802-420-9906,9370514910|20180121|Marketing
210|Grazyna W Surapaneni|203 Las Brisas Rd|El Paso|79942|TX|USA|grazynawsurapaneni@example.gov|346.111.0626|20110129|Sales
211|Devorah K Sohn|625 Helton Dr|Newton Hamilton|17075|PA|USA|devorah_sohn@example.gov|701-258-0063,+12027413220,406-705-6496|20100912|Marketing
212|Terisa T Measmer|1332 Pine Valley Dr|Boston|2121|MA|USA|terisa_measmer@example.co.uk|3399744741|20101105|Sales
213|Lisbeth Y Jurgensen|870 Monet Ln|Atlanta|31146|GA|USA|lisbeth-jurgensen72@example.gov|229-634-5954|20140916|Sales
214|Carley N Dubowski|487 Ayala Rd|Arcola|61910|IL|USA|carleyndubowski@example.org|575-387-7159|20130204|Consulting
215|Debi C Maddry|978 Cavern Ct|Perry|32347|FL|USA|debi_maddry@example.org|479.483.7927|20150923|Finance
216|Geraldine Sluis|2215 Midtown Ct|Norwalk|6853|CT|USA|geraldine.sluis@example.gov|8609137413|20150527|Support
217|Martin Barberio|4 Canyon Pk Blvd|East Stone Gap|24246|VA|USA|barberio.martin@example.gov|276.866.5756|20150311|HR
218|Louvenia X Fuschetto|1129 Dairy Rd|Diamond Bar|91765|CA|USA|fuschetto-louvenia@example.org|442.635.2145|20120212|Marketing
219|Tonie J Eschbaugh|1645 Coronado Ct|Creal Springs|62922|IL|USA|eschbaugh.tonie@example.org|312.126.3855,302-664-6536|20161029|Legal
220|Sylvester K Fockler|974 Nautical Ln|Denver|80238|CO|USA|sylvesterkfockler@example.com|970-563-9881|20140517|Finance
221|Violette Hildenbrand|1147 Lema Dr|Fiskdale|1518|MA|USA|violettehildenbrand@example.co.uk|340.452.1813,828.908.0185|20130609|Consulting
222|Johanna T Coplan|2245 Label Av|Lexington|40512|KY|USA|coplanjohanna@example.org|8082104866|20160724|HR
223|Altha P Dallessandro|924 Fairlain Dr|Bernie|63822|MO|USA|dallessandro_altha@example.co.uk|816-342-2738|20140511|Sales
224|Elna F Dremel|702 Royal Rd|El Sobrante|94803|CA|USA|elnafdremel@example.gov|3393929108|20111227|IT
225|Arlen Q Leith|203 Croco Pl|Nimrod|56478|MN|USA|arlenqleith@example.co.uk|+1-208-323-5025|20190704|IT
226|Silvia A Kincaide|207 Camphor Ct|Mc Intyre|31054|GA|USA|silvia-kincaide@example.gov|9126792154|20150922|Support
227|Shemika Strunk|528 Woodpark Ct|Edinburg|78540|TX|USA|shemikastrunk@example.co.uk|430-591-7361,817-847-0603|20120105|Marketing
228|Bambi X Kananen|317 Devell Rd|Pinon|86510|AZ|USA|bambixkananen@example.co.uk|2086138592|20150627|HR
229|Santo E Malic|563 Marvin Av|Hagerstown|21741|MD|USA|malicsanto@example.com|443-044-9885,240.675.3772|20120305|Legal
230|Genny K Hinzman|682 Fritz Wy|Masontown|26542|WV|USA|hinzman.genny@example.com|681.682.2161,860.163.5780|20110110|Support
231|Saundra W Rugenstein|796 Calla Wy|Milford|46542|IN|USA|saundrawrugenstein@example.co.uk|3171004327|20180101|Support
232|Emanuel N Jelinski|1724 Palma Alta Dr|Arlington|2474|MA|USA|emanueljelinski@example.gov|5081002518,4130424646|20200107|Consulting
233|Anthony P Burdzy|734 Citrine Ct|Santa Barbara|93111|CA|USA|burdzy.anthony@example.org|2095551142,909-445-2595,605.772.3977|20180608|IT
234|Houston Raso|869 Cinnabar Ln|Bergen|14416|NY|USA|raso-houston@example.co.uk|6843487464,518-502-8501|20191230|HR
235|Nakesha Z Suver|427 Firenze Ct|Upper Jay|12987|NY|USA|suver.nakesha@example.co.uk|207-969-5422,347-706-3329,+1-202-283-0409|20150322|IT
236|Viva C Cutno|68 Pomita Pl|Springfield|65899|MO|USA|cutno-viva@example.co.uk|410-730-8246,5738961256|20130805|Marketing
237|Reanna W Pasbrig|587 Buckskin Ln|Williamsport|43164|OH|USA|reannapasbrig@example.org|2063149141|20180210|Sales
238|Donnette W Thobe|1522 Elizabeth Wy|Marlette|48453|MI|USA|donnettewthobe@example.org|906.583.3394,641-324-1908|20171109|IT
239|Larry N Grubbe|2576 Mendoza Dr|Fort Calhoun|68023|NE|USA|larryngrubbe@example.org|308.503.5313|20180830|Marketing
240|Bradley S Fasullo|596 Mockingbird Ct|Tampa|33626|FL|USA|bradley_fasullo@example.gov|787-674-6183,727.925.6642,251-161-8420|20180128|Finance
241|Kali Salvator|1550 Westinghouse Pl|Columbus|31907|GA|USA|salvator-kali@example.com|229.676.5647|20190528|Sales
242|Burt L Pisarski|1125 Gladious Pl|Lincoln|68514|NE|USA|burtlpisarski@example.org|+1-671-159-8989|20130907|Consulting
243|Gladis Z Khwaja|440 Pecan Pl|Joppa|62953|IL|USA|gladis-khwaja@example.co.uk|847.086.7394|20120503|Marketing
244|Marcell H Vellos|866 Cavern Ct|Westland|48186|MI|USA|vellos_marcell@example.com|575.184.3522|20110331|Marketing
245|Brian U Wotherspoon|924 Calla Wy|El Paso|88558|TX|USA|wotherspoon-brian@example.org|5340042495|20140104|HR
246|Cheryle N Farman|1280 Brighton Ln|Lincoln|68531|NE|USA|farman.cheryle@example.com|531-471-8934,984-819-8858,364-536-9518|20150813|Legal
247|Kathlyn Z Schliebe|336 Loop Av|Caledonia|14423|NY|USA|kathlynzschliebe@example.co.uk|501.938.9695,340-742-2784|20181202|HR
248|Adina B Alven|2068 Oakbrook Ct|Redwood|13679|NY|USA|adinabalven@example.org|6076371627|20120712|HR
249|Dagmar U Potucek|542 Bension Dr|Mesa|81643|CO|USA|dagmar.potucek@example.com|9070758089|20110330|HR
250|Sheena Q Blinka|1425 Jason Dr|State University|72467|AR|USA|sheena-blinka@example.org|2077664501|20170624|Sales
